archivo,fecha,direccion_grados,velocidad_kmxh
C:/Users/Tacos/OneDrive/Documentos/Universidad/Servicio Social/Imágenes/Corrientes de aire/2023/1. Enero/01-01-2023.png,01/01/2023,265,3
C:/Users/Tacos/OneDrive/Documentos/Universidad/Servicio Social/Imágenes/Corrientes de aire/2023/1. Enero/02-01-2023.png,02/01/2023,215,4
C:/Users/Tacos/OneDrive/Documentos/Universidad/Servicio Social/Imágenes/Corrientes de aire/2023/1. Enero/03-01-2023.png,03/01/2023,160,2
C:/Users/Tacos/OneDrive/Documentos/Universidad/Servicio Social/Imágenes/Corrientes de aire/2023/1. Enero/04-01-2023.png,04/01/2023,220,0
C:/Users/Tacos/OneDrive/Documentos/Universidad/Servicio Social/Imágenes/Corrientes de aire/2023/1. Enero/05-01-2023.png,05/01/2023,90,10
C:/Users/Tacos/OneDrive/Documentos/Universidad/Servicio Social/Imágenes/Corrientes de aire/2023/1. Enero/06-01-2023.png,06/01/2023,95,9
C:/Users/Tacos/OneDrive/Documentos/Universidad/Servicio Social/Imágenes/Corrientes de aire/2023/1. Enero/07-01-2023.png,07/01/2023,100,5
C:/Users/Tacos/OneDrive/Documentos/Universidad/Servicio Social/Imágenes/Corrientes de aire/2023/1. Enero/08-01-2023.png,08/01/2023,110,4
C:/Users/Tacos/OneDrive/Documentos/Universidad/Servicio Social/Imágenes/Corrientes de aire/2023/1. Enero/09-01-2023.png,09/01/2023,85,5
C:/Users/Tacos/OneDrive/Documentos/Universidad/Servicio Social/Imágenes/Corrientes de aire/2023/1. Enero/10-01-2023.png,10/01/2023,60,4
C:/Users/Tacos/OneDrive/Documentos/Universidad/Servicio Social/Imágenes/Corrientes de aire/2023/1. Enero/11-01-2023.png,11/01/2023,140,2
C:/Users/Tacos/OneDrive/Documentos/Universidad/Servicio Social/Imágenes/Corrientes de aire/2023/1. Enero/12-01-2023.png,12/01/2023,345,1
C:/Users/Tacos/OneDrive/Documentos/Universidad/Servicio Social/Imágenes/Corrientes de aire/2023/1. Enero/13-01-2023.png,13/01/2023,65,15
C:/Users/Tacos/OneDrive/Documentos/Universidad/Servicio Social/Imágenes/Corrientes de aire/2023/1. Enero/14-01-2023.png,14/01/2023,85,7
C:/Users/Tacos/OneDrive/Documentos/Universidad/Servicio Social/Imágenes/Corrientes de aire/2023/1. Enero/15-01-2023.png,15/01/2023,220,4
C:/Users/Tacos/OneDrive/Documentos/Universidad/Servicio Social/Imágenes/Corrientes de aire/2023/1. Enero/16-01-2023.png,16/01/2023,220,3
C:/Users/Tacos/OneDrive/Documentos/Universidad/Servicio Social/Imágenes/Corrientes de aire/2023/1. Enero/17-01-2023.png,17/01/2023,240,3
C:/Users/Tacos/OneDrive/Documentos/Universidad/Servicio Social/Imágenes/Corrientes de aire/2023/1. Enero/18-01-2023.png,18/01/2023,255,4
C:/Users/Tacos/OneDrive/Documentos/Universidad/Servicio Social/Imágenes/Corrientes de aire/2023/1. Enero/19-01-2023.png,19/01/2023,45,1
C:/Users/Tacos/OneDrive/Documentos/Universidad/Servicio Social/Imágenes/Corrientes de aire/2023/1. Enero/20-01-2023.png,20/01/2023,150,2
C:/Users/Tacos/OneDrive/Documentos/Universidad/Servicio Social/Imágenes/Corrientes de aire/2023/1. Enero/21-01-2023.png,21/01/2023,210,4
C:/Users/Tacos/OneDrive/Documentos/Universidad/Servicio Social/Imágenes/Corrientes de aire/2023/1. Enero/22-01-2023.png,22/01/2023,230,4
C:/Users/Tacos/OneDrive/Documentos/Universidad/Servicio Social/Imágenes/Corrientes de aire/2023/1. Enero/23-01-2023.png,23/01/2023,90,5
C:/Users/Tacos/OneDrive/Documentos/Universidad/Servicio Social/Imágenes/Corrientes de aire/2023/1. Enero/24-01-2023.png,24/01/2023,225,7
C:/Users/Tacos/OneDrive/Documentos/Universidad/Servicio Social/Imágenes/Corrientes de aire/2023/1. Enero/25-01-2025.png,25/01/2023,210,4
C:/Users/Tacos/OneDrive/Documentos/Universidad/Servicio Social/Imágenes/Corrientes de aire/2023/1. Enero/26-01-2023.png,26/01/2023,95,16
C:/Users/Tacos/OneDrive/Documentos/Universidad/Servicio Social/Imágenes/Corrientes de aire/2023/1. Enero/27-01-2023.png,27/01/2023,90,8
C:/Users/Tacos/OneDrive/Documentos/Universidad/Servicio Social/Imágenes/Corrientes de aire/2023/1. Enero/28-01-2023.png,28/01/2023,85,6
C:/Users/Tacos/OneDrive/Documentos/Universidad/Servicio Social/Imágenes/Corrientes de aire/2023/1. Enero/29-01-2023.png,29/01/2023,200,3
C:/Users/Tacos/OneDrive/Documentos/Universidad/Servicio Social/Imágenes/Corrientes de aire/2023/1. Enero/30-01-2023.png,30/01/2023,210,4
C:/Users/Tacos/OneDrive/Documentos/Universidad/Servicio Social/Imágenes/Corrientes de aire/2023/1. Enero/31-01-2023.png,31/01/2023,145,2
C:/Users/Tacos/OneDrive/Documentos/Universidad/Servicio Social/Imágenes/Corrientes de aire/2023/10. Octubre/01-10-2023.png,01/10/2023,95,4
C:/Users/Tacos/OneDrive/Documentos/Universidad/Servicio Social/Imágenes/Corrientes de aire/2023/10. Octubre/02-10-2023.png,02/10/2023,90,7
C:/Users/Tacos/OneDrive/Documentos/Universidad/Servicio Social/Imágenes/Corrientes de aire/2023/10. Octubre/03-10-2023.png,03/10/2023,95,3
C:/Users/Tacos/OneDrive/Documentos/Universidad/Servicio Social/Imágenes/Corrientes de aire/2023/10. Octubre/04-10-2023.png,04/10/2023,185,2
C:/Users/Tacos/OneDrive/Documentos/Universidad/Servicio Social/Imágenes/Corrientes de aire/2023/10. Octubre/05-10-2023.png,05/10/2023,220,4
C:/Users/Tacos/OneDrive/Documentos/Universidad/Servicio Social/Imágenes/Corrientes de aire/2023/10. Octubre/06-10-2023.png,06/10/2023,60,9
C:/Users/Tacos/OneDrive/Documentos/Universidad/Servicio Social/Imágenes/Corrientes de aire/2023/10. Octubre/07-10-2023.png,07/10/2023,40,14
C:/Users/Tacos/OneDrive/Documentos/Universidad/Servicio Social/Imágenes/Corrientes de aire/2023/10. Octubre/08-10-2023.png,08/10/2023,85,9
C:/Users/Tacos/OneDrive/Documentos/Universidad/Servicio Social/Imágenes/Corrientes de aire/2023/10. Octubre/09-10-2023.png,09/10/2023,150,5
C:/Users/Tacos/OneDrive/Documentos/Universidad/Servicio Social/Imágenes/Corrientes de aire/2023/10. Octubre/10-10-2023.png,10/10/2023,220,10
C:/Users/Tacos/OneDrive/Documentos/Universidad/Servicio Social/Imágenes/Corrientes de aire/2023/10. Octubre/11-10-2023.png,11/10/2023,210,12
C:/Users/Tacos/OneDrive/Documentos/Universidad/Servicio Social/Imágenes/Corrientes de aire/2023/10. Octubre/12-10-2023.png,12/10/2023,245,7
C:/Users/Tacos/OneDrive/Documentos/Universidad/Servicio Social/Imágenes/Corrientes de aire/2023/10. Octubre/13-10-2023.png,13/10/2023,255,3
C:/Users/Tacos/OneDrive/Documentos/Universidad/Servicio Social/Imágenes/Corrientes de aire/2023/10. Octubre/14-10-2023.png,14/10/2023,70,9
C:/Users/Tacos/OneDrive/Documentos/Universidad/Servicio Social/Imágenes/Corrientes de aire/2023/10. Octubre/15-10-2023.png,15/10/2023,60,15
C:/Users/Tacos/OneDrive/Documentos/Universidad/Servicio Social/Imágenes/Corrientes de aire/2023/10. Octubre/16-10-2023.png,16/10/2023,55,21
C:/Users/Tacos/OneDrive/Documentos/Universidad/Servicio Social/Imágenes/Corrientes de aire/2023/10. Octubre/17-10-2023.png,17/10/2023,80,12
C:/Users/Tacos/OneDrive/Documentos/Universidad/Servicio Social/Imágenes/Corrientes de aire/2023/10. Octubre/18-10-2023.png,18/10/2023,100,7
C:/Users/Tacos/OneDrive/Documentos/Universidad/Servicio Social/Imágenes/Corrientes de aire/2023/10. Octubre/19-10-2023.png,19/10/2023,195,2
C:/Users/Tacos/OneDrive/Documentos/Universidad/Servicio Social/Imágenes/Corrientes de aire/2023/10. Octubre/20-10-2023.png,20/10/2023,125,5
C:/Users/Tacos/OneDrive/Documentos/Universidad/Servicio Social/Imágenes/Corrientes de aire/2023/10. Octubre/21-10-2023.png,21/10/2023,210,5
C:/Users/Tacos/OneDrive/Documentos/Universidad/Servicio Social/Imágenes/Corrientes de aire/2023/10. Octubre/22-10-2023.png,22/10/2023,230,6
C:/Users/Tacos/OneDrive/Documentos/Universidad/Servicio Social/Imágenes/Corrientes de aire/2023/10. Octubre/23-10-2023.png,23/10/2023,240,4
C:/Users/Tacos/OneDrive/Documentos/Universidad/Servicio Social/Imágenes/Corrientes de aire/2023/10. Octubre/24-10-2023.png,24/10/2023,145,1
C:/Users/Tacos/OneDrive/Documentos/Universidad/Servicio Social/Imágenes/Corrientes de aire/2023/10. Octubre/25-10-2023.png,25/10/2023,235,9
C:/Users/Tacos/OneDrive/Documentos/Universidad/Servicio Social/Imágenes/Corrientes de aire/2023/10. Octubre/26-10-2023.png,26/10/2023,170,4
C:/Users/Tacos/OneDrive/Documentos/Universidad/Servicio Social/Imágenes/Corrientes de aire/2023/10. Octubre/27-10-2023.png,27/10/2023,95,6
C:/Users/Tacos/OneDrive/Documentos/Universidad/Servicio Social/Imágenes/Corrientes de aire/2023/10. Octubre/28-10-2023.png,28/10/2023,80,8
C:/Users/Tacos/OneDrive/Documentos/Universidad/Servicio Social/Imágenes/Corrientes de aire/2023/10. Octubre/29-10-2023.png,29/10/2023,85,3
C:/Users/Tacos/OneDrive/Documentos/Universidad/Servicio Social/Imágenes/Corrientes de aire/2023/10. Octubre/30-10-2023.png,30/10/2023,70,9
C:/Users/Tacos/OneDrive/Documentos/Universidad/Servicio Social/Imágenes/Corrientes de aire/2023/10. Octubre/31-10-2023.png,31/10/2023,85,8
C:/Users/Tacos/OneDrive/Documentos/Universidad/Servicio Social/Imágenes/Corrientes de aire/2023/11. Noviembre/01-11-2023.png,01/11/2023,70,13
C:/Users/Tacos/OneDrive/Documentos/Universidad/Servicio Social/Imágenes/Corrientes de aire/2023/11. Noviembre/02-11-2023.png,02/11/2023,100,9
C:/Users/Tacos/OneDrive/Documentos/Universidad/Servicio Social/Imágenes/Corrientes de aire/2023/11. Noviembre/03-11-2023.png,03/11/2023,85,12
C:/Users/Tacos/OneDrive/Documentos/Universidad/Servicio Social/Imágenes/Corrientes de aire/2023/11. Noviembre/04-11-2023.png,04/11/2023,75,10
C:/Users/Tacos/OneDrive/Documentos/Universidad/Servicio Social/Imágenes/Corrientes de aire/2023/11. Noviembre/05-11-2023.png,05/11/2023,65,11
C:/Users/Tacos/OneDrive/Documentos/Universidad/Servicio Social/Imágenes/Corrientes de aire/2023/11. Noviembre/06-11-2023.png,06/11/2023,110,8
C:/Users/Tacos/OneDrive/Documentos/Universidad/Servicio Social/Imágenes/Corrientes de aire/2023/11. Noviembre/07-11-2023.png,07/11/2023,125,3
C:/Users/Tacos/OneDrive/Documentos/Universidad/Servicio Social/Imágenes/Corrientes de aire/2023/11. Noviembre/08-11-2023.png,08/11/2023,205,3
C:/Users/Tacos/OneDrive/Documentos/Universidad/Servicio Social/Imágenes/Corrientes de aire/2023/11. Noviembre/09-11-2023.png,09/11/2023,245,5
C:/Users/Tacos/OneDrive/Documentos/Universidad/Servicio Social/Imágenes/Corrientes de aire/2023/11. Noviembre/10-11-2023.png,10/11/2023,135,3
C:/Users/Tacos/OneDrive/Documentos/Universidad/Servicio Social/Imágenes/Corrientes de aire/2023/11. Noviembre/11-11-2023.png,11/11/2023,85,11
C:/Users/Tacos/OneDrive/Documentos/Universidad/Servicio Social/Imágenes/Corrientes de aire/2023/11. Noviembre/12-11-2023.png,12/11/2023,60,11
C:/Users/Tacos/OneDrive/Documentos/Universidad/Servicio Social/Imágenes/Corrientes de aire/2023/11. Noviembre/13-11-2023.png,13/11/2023,75,14
C:/Users/Tacos/OneDrive/Documentos/Universidad/Servicio Social/Imágenes/Corrientes de aire/2023/11. Noviembre/14-11-2023.png,14/11/2023,65,13
C:/Users/Tacos/OneDrive/Documentos/Universidad/Servicio Social/Imágenes/Corrientes de aire/2023/11. Noviembre/15-11-2023.png,15/11/2023,75,7
C:/Users/Tacos/OneDrive/Documentos/Universidad/Servicio Social/Imágenes/Corrientes de aire/2023/11. Noviembre/16-11-2023.png,16/11/2023,65,6
C:/Users/Tacos/OneDrive/Documentos/Universidad/Servicio Social/Imágenes/Corrientes de aire/2023/11. Noviembre/17-11-2023.png,17/11/2023,255,3
C:/Users/Tacos/OneDrive/Documentos/Universidad/Servicio Social/Imágenes/Corrientes de aire/2023/11. Noviembre/18-11-2023.png,18/11/2023,340,3
C:/Users/Tacos/OneDrive/Documentos/Universidad/Servicio Social/Imágenes/Corrientes de aire/2023/11. Noviembre/19-11-2023.png,19/11/2023,225,6
C:/Users/Tacos/OneDrive/Documentos/Universidad/Servicio Social/Imágenes/Corrientes de aire/2023/11. Noviembre/20-11-2023.png,20/11/2023,240,5
C:/Users/Tacos/OneDrive/Documentos/Universidad/Servicio Social/Imágenes/Corrientes de aire/2023/11. Noviembre/21-11-2023.png,21/11/2023,55,0
C:/Users/Tacos/OneDrive/Documentos/Universidad/Servicio Social/Imágenes/Corrientes de aire/2023/11. Noviembre/22-11-2023.png,22/11/2023,85,13
C:/Users/Tacos/OneDrive/Documentos/Universidad/Servicio Social/Imágenes/Corrientes de aire/2023/11. Noviembre/23-11-2023.png,23/11/2023,245,6
C:/Users/Tacos/OneDrive/Documentos/Universidad/Servicio Social/Imágenes/Corrientes de aire/2023/11. Noviembre/24-11-2023.png,24/11/2023,275,2
C:/Users/Tacos/OneDrive/Documentos/Universidad/Servicio Social/Imágenes/Corrientes de aire/2023/11. Noviembre/25-11-2023.png,25/11/2023,240,4
C:/Users/Tacos/OneDrive/Documentos/Universidad/Servicio Social/Imágenes/Corrientes de aire/2023/11. Noviembre/26-11-2023.png,26/11/2023,300,0
C:/Users/Tacos/OneDrive/Documentos/Universidad/Servicio Social/Imágenes/Corrientes de aire/2023/11. Noviembre/27-11-2023.png,27/11/2023,65,12
C:/Users/Tacos/OneDrive/Documentos/Universidad/Servicio Social/Imágenes/Corrientes de aire/2023/11. Noviembre/28-11-2023.png,28/11/2023,50,14
C:/Users/Tacos/OneDrive/Documentos/Universidad/Servicio Social/Imágenes/Corrientes de aire/2023/11. Noviembre/29-11-2023.png,29/11/2023,70,11
C:/Users/Tacos/OneDrive/Documentos/Universidad/Servicio Social/Imágenes/Corrientes de aire/2023/11. Noviembre/30-11-2023.png,30/11/2023,205,4
C:/Users/Tacos/OneDrive/Documentos/Universidad/Servicio Social/Imágenes/Corrientes de aire/2023/12. Diciembre/01-12-2023.png,01/12/2023,235,3
C:/Users/Tacos/OneDrive/Documentos/Universidad/Servicio Social/Imágenes/Corrientes de aire/2023/12. Diciembre/02-12-2023.png,02/12/2023,230,5
C:/Users/Tacos/OneDrive/Documentos/Universidad/Servicio Social/Imágenes/Corrientes de aire/2023/12. Diciembre/03-12-2023.png,03/12/2023,140,2
C:/Users/Tacos/OneDrive/Documentos/Universidad/Servicio Social/Imágenes/Corrientes de aire/2023/12. Diciembre/04-12-2023.png,04/12/2023,85,10
C:/Users/Tacos/OneDrive/Documentos/Universidad/Servicio Social/Imágenes/Corrientes de aire/2023/12. Diciembre/05-12-2023.png,05/12/2023,60,9
C:/Users/Tacos/OneDrive/Documentos/Universidad/Servicio Social/Imágenes/Corrientes de aire/2023/12. Diciembre/06-12-2023.png,06/12/2023,50,20
C:/Users/Tacos/OneDrive/Documentos/Universidad/Servicio Social/Imágenes/Corrientes de aire/2023/12. Diciembre/07-12-2023.png,07/12/2023,80,11
C:/Users/Tacos/OneDrive/Documentos/Universidad/Servicio Social/Imágenes/Corrientes de aire/2023/12. Diciembre/08-12-2023.png,08/12/2023,240,3
C:/Users/Tacos/OneDrive/Documentos/Universidad/Servicio Social/Imágenes/Corrientes de aire/2023/12. Diciembre/09-12-2023.png,09/12/2023,290,1
C:/Users/Tacos/OneDrive/Documentos/Universidad/Servicio Social/Imágenes/Corrientes de aire/2023/12. Diciembre/10-12-2023.png,10/12/2023,45,24
C:/Users/Tacos/OneDrive/Documentos/Universidad/Servicio Social/Imágenes/Corrientes de aire/2023/12. Diciembre/11-12-2023.png,11/12/2023,100,8
C:/Users/Tacos/OneDrive/Documentos/Universidad/Servicio Social/Imágenes/Corrientes de aire/2023/12. Diciembre/12-12-2023.png,12/12/2023,90,9
C:/Users/Tacos/OneDrive/Documentos/Universidad/Servicio Social/Imágenes/Corrientes de aire/2023/12. Diciembre/13-12-2023.png,13/12/2023,80,10
C:/Users/Tacos/OneDrive/Documentos/Universidad/Servicio Social/Imágenes/Corrientes de aire/2023/12. Diciembre/14-12-2023.png,14/12/2023,75,11
C:/Users/Tacos/OneDrive/Documentos/Universidad/Servicio Social/Imágenes/Corrientes de aire/2023/12. Diciembre/15-12-2023.png,15/12/2023,60,7
C:/Users/Tacos/OneDrive/Documentos/Universidad/Servicio Social/Imágenes/Corrientes de aire/2023/12. Diciembre/16-12-2023.png,16/12/2023,55,8
C:/Users/Tacos/OneDrive/Documentos/Universidad/Servicio Social/Imágenes/Corrientes de aire/2023/12. Diciembre/17-12-2023.png,17/12/2023,60,11
C:/Users/Tacos/OneDrive/Documentos/Universidad/Servicio Social/Imágenes/Corrientes de aire/2023/12. Diciembre/18-12-2023.png,18/12/2023,65,3
C:/Users/Tacos/OneDrive/Documentos/Universidad/Servicio Social/Imágenes/Corrientes de aire/2023/12. Diciembre/19-12-2023.png,19/12/2023,90,8
C:/Users/Tacos/OneDrive/Documentos/Universidad/Servicio Social/Imágenes/Corrientes de aire/2023/12. Diciembre/20-12-2023.png,20/12/2023,105,4
C:/Users/Tacos/OneDrive/Documentos/Universidad/Servicio Social/Imágenes/Corrientes de aire/2023/12. Diciembre/21-12-2023.png,21/12/2023,95,7
C:/Users/Tacos/OneDrive/Documentos/Universidad/Servicio Social/Imágenes/Corrientes de aire/2023/12. Diciembre/22-12-2023.png,22/12/2023,105,6
C:/Users/Tacos/OneDrive/Documentos/Universidad/Servicio Social/Imágenes/Corrientes de aire/2023/12. Diciembre/23-12-2023.png,23/12/2023,175,3
C:/Users/Tacos/OneDrive/Documentos/Universidad/Servicio Social/Imágenes/Corrientes de aire/2023/12. Diciembre/24-12-2023.png,24/12/2023,220,6
C:/Users/Tacos/OneDrive/Documentos/Universidad/Servicio Social/Imágenes/Corrientes de aire/2023/12. Diciembre/25-12-2023.png,25/12/2023,215,4
C:/Users/Tacos/OneDrive/Documentos/Universidad/Servicio Social/Imágenes/Corrientes de aire/2023/12. Diciembre/26-12-2023.png,26/12/2023,220,6
C:/Users/Tacos/OneDrive/Documentos/Universidad/Servicio Social/Imágenes/Corrientes de aire/2023/12. Diciembre/27-12-2023.png,27/12/2023,280,2
C:/Users/Tacos/OneDrive/Documentos/Universidad/Servicio Social/Imágenes/Corrientes de aire/2023/12. Diciembre/28-12-2023.png,28/12/2023,5,2
C:/Users/Tacos/OneDrive/Documentos/Universidad/Servicio Social/Imágenes/Corrientes de aire/2023/12. Diciembre/29-12-2023.png,29/12/2023,160,4
C:/Users/Tacos/OneDrive/Documentos/Universidad/Servicio Social/Imágenes/Corrientes de aire/2023/12. Diciembre/30-12-2023.png,30/12/2023,90,12
C:/Users/Tacos/OneDrive/Documentos/Universidad/Servicio Social/Imágenes/Corrientes de aire/2023/12. Diciembre/31-12-2023.png,31/12/2023,200,3
C:/Users/Tacos/OneDrive/Documentos/Universidad/Servicio Social/Imágenes/Corrientes de aire/2023/2. Febrero/01-02-2023.png,01/02/2023,100,7
C:/Users/Tacos/OneDrive/Documentos/Universidad/Servicio Social/Imágenes/Corrientes de aire/2023/2. Febrero/02-02-2023.png,02/02/2023,75,2
C:/Users/Tacos/OneDrive/Documentos/Universidad/Servicio Social/Imágenes/Corrientes de aire/2023/2. Febrero/03-02-2023.png,03/02/2023,55,16
C:/Users/Tacos/OneDrive/Documentos/Universidad/Servicio Social/Imágenes/Corrientes de aire/2023/2. Febrero/04-02-2023.png,04/02/2023,75,10
C:/Users/Tacos/OneDrive/Documentos/Universidad/Servicio Social/Imágenes/Corrientes de aire/2023/2. Febrero/05-02-2023.png,05/02/2023,115,5
C:/Users/Tacos/OneDrive/Documentos/Universidad/Servicio Social/Imágenes/Corrientes de aire/2023/2. Febrero/06-02-2023.png,06/02/2023,90,8
C:/Users/Tacos/OneDrive/Documentos/Universidad/Servicio Social/Imágenes/Corrientes de aire/2023/2. Febrero/07-02-2023.png,07/02/2023,215,4
C:/Users/Tacos/OneDrive/Documentos/Universidad/Servicio Social/Imágenes/Corrientes de aire/2023/2. Febrero/08-02-2023.png,08/02/2023,230,5
C:/Users/Tacos/OneDrive/Documentos/Universidad/Servicio Social/Imágenes/Corrientes de aire/2023/2. Febrero/09-02-2023.png,09/02/2023,105,6
C:/Users/Tacos/OneDrive/Documentos/Universidad/Servicio Social/Imágenes/Corrientes de aire/2023/2. Febrero/10-02-2023.png,10/02/2023,110,4
C:/Users/Tacos/OneDrive/Documentos/Universidad/Servicio Social/Imágenes/Corrientes de aire/2023/2. Febrero/11-02-2023.png,11/02/2023,65,18
C:/Users/Tacos/OneDrive/Documentos/Universidad/Servicio Social/Imágenes/Corrientes de aire/2023/2. Febrero/12-02-2023.png,12/02/2023,115,6
C:/Users/Tacos/OneDrive/Documentos/Universidad/Servicio Social/Imágenes/Corrientes de aire/2023/2. Febrero/13-02-2023.png,13/02/2023,185,4
C:/Users/Tacos/OneDrive/Documentos/Universidad/Servicio Social/Imágenes/Corrientes de aire/2023/2. Febrero/14-02-2023.png,14/02/2023,220,7
C:/Users/Tacos/OneDrive/Documentos/Universidad/Servicio Social/Imágenes/Corrientes de aire/2023/2. Febrero/15-02-2023.png,15/02/2023,235,6
C:/Users/Tacos/OneDrive/Documentos/Universidad/Servicio Social/Imágenes/Corrientes de aire/2023/2. Febrero/16-02-2023.png,16/02/2023,240,4
C:/Users/Tacos/OneDrive/Documentos/Universidad/Servicio Social/Imágenes/Corrientes de aire/2023/2. Febrero/17-02-2023.png,17/02/2023,85,16
C:/Users/Tacos/OneDrive/Documentos/Universidad/Servicio Social/Imágenes/Corrientes de aire/2023/2. Febrero/18-02-2023.png,18/02/2023,80,15
C:/Users/Tacos/OneDrive/Documentos/Universidad/Servicio Social/Imágenes/Corrientes de aire/2023/2. Febrero/19-02-2023.png,19/02/2023,85,11
C:/Users/Tacos/OneDrive/Documentos/Universidad/Servicio Social/Imágenes/Corrientes de aire/2023/2. Febrero/20-02-2023.png,20/02/2023,100,5
C:/Users/Tacos/OneDrive/Documentos/Universidad/Servicio Social/Imágenes/Corrientes de aire/2023/2. Febrero/21-02-2023.png,21/02/2023,220,6
C:/Users/Tacos/OneDrive/Documentos/Universidad/Servicio Social/Imágenes/Corrientes de aire/2023/2. Febrero/22-02-2023.png,22/02/2023,215,6
C:/Users/Tacos/OneDrive/Documentos/Universidad/Servicio Social/Imágenes/Corrientes de aire/2023/2. Febrero/23-02-2023.png,23/02/2023,240,4
C:/Users/Tacos/OneDrive/Documentos/Universidad/Servicio Social/Imágenes/Corrientes de aire/2023/2. Febrero/24-02-2023.png,24/02/2023,165,2
C:/Users/Tacos/OneDrive/Documentos/Universidad/Servicio Social/Imágenes/Corrientes de aire/2023/2. Febrero/25-02-2023.png,25/02/2023,180,1
C:/Users/Tacos/OneDrive/Documentos/Universidad/Servicio Social/Imágenes/Corrientes de aire/2023/2. Febrero/26-02-2023.png,26/02/2023,220,4
C:/Users/Tacos/OneDrive/Documentos/Universidad/Servicio Social/Imágenes/Corrientes de aire/2023/2. Febrero/27-02-2023.png,27/02/2023,245,8
C:/Users/Tacos/OneDrive/Documentos/Universidad/Servicio Social/Imágenes/Corrientes de aire/2023/2. Febrero/28-02-2023.png,28/02/2023,220,5
C:/Users/Tacos/OneDrive/Documentos/Universidad/Servicio Social/Imágenes/Corrientes de aire/2023/3. Marzo/01-03-2023.png,01/03/2023,230,7
C:/Users/Tacos/OneDrive/Documentos/Universidad/Servicio Social/Imágenes/Corrientes de aire/2023/3. Marzo/02-03-2023.png,02/03/2023,245,8
C:/Users/Tacos/OneDrive/Documentos/Universidad/Servicio Social/Imágenes/Corrientes de aire/2023/3. Marzo/03-03-2023.png,03/03/2023,215,7
C:/Users/Tacos/OneDrive/Documentos/Universidad/Servicio Social/Imágenes/Corrientes de aire/2023/3. Marzo/04-03-2023.png,04/03/2023,225,6
C:/Users/Tacos/OneDrive/Documentos/Universidad/Servicio Social/Imágenes/Corrientes de aire/2023/3. Marzo/05-03-2023.png,05/03/2023,175,3
C:/Users/Tacos/OneDrive/Documentos/Universidad/Servicio Social/Imágenes/Corrientes de aire/2023/3. Marzo/06-03-2023.png,06/03/2023,215,5
C:/Users/Tacos/OneDrive/Documentos/Universidad/Servicio Social/Imágenes/Corrientes de aire/2023/3. Marzo/07-03-2023.png,07/03/2023,200,4
C:/Users/Tacos/OneDrive/Documentos/Universidad/Servicio Social/Imágenes/Corrientes de aire/2023/3. Marzo/08-03-2023.png,08/03/2023,220,6
C:/Users/Tacos/OneDrive/Documentos/Universidad/Servicio Social/Imágenes/Corrientes de aire/2023/3. Marzo/09-03-2023.png,09/03/2023,230,6
C:/Users/Tacos/OneDrive/Documentos/Universidad/Servicio Social/Imágenes/Corrientes de aire/2023/3. Marzo/10-03-2023.png,10/03/2023,195,5
C:/Users/Tacos/OneDrive/Documentos/Universidad/Servicio Social/Imágenes/Corrientes de aire/2023/3. Marzo/11-03-2023.png,11/03/2023,225,7
C:/Users/Tacos/OneDrive/Documentos/Universidad/Servicio Social/Imágenes/Corrientes de aire/2023/3. Marzo/12-03-2023.png,12/03/2023,225,9
C:/Users/Tacos/OneDrive/Documentos/Universidad/Servicio Social/Imágenes/Corrientes de aire/2023/3. Marzo/13-03-2023.png,13/03/2023,210,3
C:/Users/Tacos/OneDrive/Documentos/Universidad/Servicio Social/Imágenes/Corrientes de aire/2023/3. Marzo/14-03-2023.png,14/03/2023,235,6
C:/Users/Tacos/OneDrive/Documentos/Universidad/Servicio Social/Imágenes/Corrientes de aire/2023/3. Marzo/15-03-2023.png,15/03/2023,115,8
C:/Users/Tacos/OneDrive/Documentos/Universidad/Servicio Social/Imágenes/Corrientes de aire/2023/3. Marzo/16-03-2023.png,16/03/2023,230,8
C:/Users/Tacos/OneDrive/Documentos/Universidad/Servicio Social/Imágenes/Corrientes de aire/2023/3. Marzo/17-03-2023.png,17/03/2023,230,9
C:/Users/Tacos/OneDrive/Documentos/Universidad/Servicio Social/Imágenes/Corrientes de aire/2023/3. Marzo/18-03-2023.png,18/03/2023,215,12
C:/Users/Tacos/OneDrive/Documentos/Universidad/Servicio Social/Imágenes/Corrientes de aire/2023/3. Marzo/19-03-2023.png,19/03/2023,115,10
C:/Users/Tacos/OneDrive/Documentos/Universidad/Servicio Social/Imágenes/Corrientes de aire/2023/3. Marzo/20-03-2023.png,20/03/2023,105,6
C:/Users/Tacos/OneDrive/Documentos/Universidad/Servicio Social/Imágenes/Corrientes de aire/2023/3. Marzo/21-03-2023.png,21/03/2023,215,6
C:/Users/Tacos/OneDrive/Documentos/Universidad/Servicio Social/Imágenes/Corrientes de aire/2023/3. Marzo/22-03-2023.png,22/03/2023,165,4
C:/Users/Tacos/OneDrive/Documentos/Universidad/Servicio Social/Imágenes/Corrientes de aire/2023/3. Marzo/23-03-2023.png,23/03/2023,190,4
C:/Users/Tacos/OneDrive/Documentos/Universidad/Servicio Social/Imágenes/Corrientes de aire/2023/3. Marzo/24-03-2023.png,24/03/2023,225,9
C:/Users/Tacos/OneDrive/Documentos/Universidad/Servicio Social/Imágenes/Corrientes de aire/2023/3. Marzo/25-03-2023.png,25/03/2023,235,9
C:/Users/Tacos/OneDrive/Documentos/Universidad/Servicio Social/Imágenes/Corrientes de aire/2023/3. Marzo/26-03-2023.png,26/03/2023,240,8
C:/Users/Tacos/OneDrive/Documentos/Universidad/Servicio Social/Imágenes/Corrientes de aire/2023/3. Marzo/27-03-2023.png,27/03/2023,240,8
C:/Users/Tacos/OneDrive/Documentos/Universidad/Servicio Social/Imágenes/Corrientes de aire/2023/3. Marzo/28-03-2023.png,28/03/2023,225,7
C:/Users/Tacos/OneDrive/Documentos/Universidad/Servicio Social/Imágenes/Corrientes de aire/2023/3. Marzo/29-03-2023.png,29/03/2023,95,12
C:/Users/Tacos/OneDrive/Documentos/Universidad/Servicio Social/Imágenes/Corrientes de aire/2023/3. Marzo/30-03-2023.png,30/03/2023,160,5
C:/Users/Tacos/OneDrive/Documentos/Universidad/Servicio Social/Imágenes/Corrientes de aire/2023/3. Marzo/31-03-2023.png,31/03/2023,225,8
C:/Users/Tacos/OneDrive/Documentos/Universidad/Servicio Social/Imágenes/Corrientes de aire/2023/4. Abril/01-04-2023.png,01/04/2023,210,5
C:/Users/Tacos/OneDrive/Documentos/Universidad/Servicio Social/Imágenes/Corrientes de aire/2023/4. Abril/02-04-2023.png,02/04/2023,220,6
C:/Users/Tacos/OneDrive/Documentos/Universidad/Servicio Social/Imágenes/Corrientes de aire/2023/4. Abril/03-04-2023.png,03/04/2023,225,9
C:/Users/Tacos/OneDrive/Documentos/Universidad/Servicio Social/Imágenes/Corrientes de aire/2023/4. Abril/04-04-2023.png,04/04/2023,230,8
C:/Users/Tacos/OneDrive/Documentos/Universidad/Servicio Social/Imágenes/Corrientes de aire/2023/4. Abril/05-04-2023.png,05/04/2023,230,9
C:/Users/Tacos/OneDrive/Documentos/Universidad/Servicio Social/Imágenes/Corrientes de aire/2023/4. Abril/06-04-2023.png,06/04/2023,220,7
C:/Users/Tacos/OneDrive/Documentos/Universidad/Servicio Social/Imágenes/Corrientes de aire/2023/4. Abril/07-04-2023.png,07/04/2023,200,7
C:/Users/Tacos/OneDrive/Documentos/Universidad/Servicio Social/Imágenes/Corrientes de aire/2023/4. Abril/08-04-2023.png,08/04/2023,190,5
C:/Users/Tacos/OneDrive/Documentos/Universidad/Servicio Social/Imágenes/Corrientes de aire/2023/4. Abril/09-04-2023.png,09/04/2023,125,8
C:/Users/Tacos/OneDrive/Documentos/Universidad/Servicio Social/Imágenes/Corrientes de aire/2023/4. Abril/10-04-2023.png,10/04/2023,105,8
C:/Users/Tacos/OneDrive/Documentos/Universidad/Servicio Social/Imágenes/Corrientes de aire/2023/4. Abril/11-04-2023.png,11/04/2023,85,9
C:/Users/Tacos/OneDrive/Documentos/Universidad/Servicio Social/Imágenes/Corrientes de aire/2023/4. Abril/12-04-2023.png,12/04/2023,210,6
C:/Users/Tacos/OneDrive/Documentos/Universidad/Servicio Social/Imágenes/Corrientes de aire/2023/4. Abril/13-04-2023.png,13/04/2023,225,7
C:/Users/Tacos/OneDrive/Documentos/Universidad/Servicio Social/Imágenes/Corrientes de aire/2023/4. Abril/14-04-2023.png,14/04/2023,225,8
C:/Users/Tacos/OneDrive/Documentos/Universidad/Servicio Social/Imágenes/Corrientes de aire/2023/4. Abril/15-04-2023.png,15/04/2023,245,10
C:/Users/Tacos/OneDrive/Documentos/Universidad/Servicio Social/Imágenes/Corrientes de aire/2023/4. Abril/16-04-2023.png,16/04/2023,80,10
C:/Users/Tacos/OneDrive/Documentos/Universidad/Servicio Social/Imágenes/Corrientes de aire/2023/4. Abril/17-04-2023.png,17/04/2023,95,14
C:/Users/Tacos/OneDrive/Documentos/Universidad/Servicio Social/Imágenes/Corrientes de aire/2023/4. Abril/18-04-2023.png,18/04/2023,230,10
C:/Users/Tacos/OneDrive/Documentos/Universidad/Servicio Social/Imágenes/Corrientes de aire/2023/4. Abril/19-04-2023.png,19/04/2023,230,10
C:/Users/Tacos/OneDrive/Documentos/Universidad/Servicio Social/Imágenes/Corrientes de aire/2023/4. Abril/20-04-2023.png,20/04/2023,220,9
C:/Users/Tacos/OneDrive/Documentos/Universidad/Servicio Social/Imágenes/Corrientes de aire/2023/4. Abril/21-04-2023.png,21/04/2023,250,7
C:/Users/Tacos/OneDrive/Documentos/Universidad/Servicio Social/Imágenes/Corrientes de aire/2023/4. Abril/22-04-2023.png,22/04/2023,205,5
C:/Users/Tacos/OneDrive/Documentos/Universidad/Servicio Social/Imágenes/Corrientes de aire/2023/4. Abril/23-04-2023.png,23/04/2023,235,6
C:/Users/Tacos/OneDrive/Documentos/Universidad/Servicio Social/Imágenes/Corrientes de aire/2023/4. Abril/24-04-2023.png,24/04/2023,225,10
C:/Users/Tacos/OneDrive/Documentos/Universidad/Servicio Social/Imágenes/Corrientes de aire/2023/4. Abril/25-04-2023.png,25/04/2023,240,8
C:/Users/Tacos/OneDrive/Documentos/Universidad/Servicio Social/Imágenes/Corrientes de aire/2023/4. Abril/26-04-2023.png,26/04/2023,230,9
C:/Users/Tacos/OneDrive/Documentos/Universidad/Servicio Social/Imágenes/Corrientes de aire/2023/4. Abril/27-04-2023.png,27/04/2023,225,11
C:/Users/Tacos/OneDrive/Documentos/Universidad/Servicio Social/Imágenes/Corrientes de aire/2023/4. Abril/28-04-2023.png,28/04/2023,240,11
C:/Users/Tacos/OneDrive/Documentos/Universidad/Servicio Social/Imágenes/Corrientes de aire/2023/4. Abril/29-04-2023.png,29/04/2023,230,8
C:/Users/Tacos/OneDrive/Documentos/Universidad/Servicio Social/Imágenes/Corrientes de aire/2023/4. Abril/30-04-2023.png,30/04/2023,160,7
C:/Users/Tacos/OneDrive/Documentos/Universidad/Servicio Social/Imágenes/Corrientes de aire/2023/5. Mayo/01-05-2023.png,01/05/2023,225,9
C:/Users/Tacos/OneDrive/Documentos/Universidad/Servicio Social/Imágenes/Corrientes de aire/2023/5. Mayo/02-05-2023.png,02/05/2023,235,11
C:/Users/Tacos/OneDrive/Documentos/Universidad/Servicio Social/Imágenes/Corrientes de aire/2023/5. Mayo/03-05-2023.png,03/05/2023,220,9
C:/Users/Tacos/OneDrive/Documentos/Universidad/Servicio Social/Imágenes/Corrientes de aire/2023/5. Mayo/04-05-2023.png,04/05/2023,210,5
C:/Users/Tacos/OneDrive/Documentos/Universidad/Servicio Social/Imágenes/Corrientes de aire/2023/5. Mayo/05-05-2023.png,05/05/2023,200,3
C:/Users/Tacos/OneDrive/Documentos/Universidad/Servicio Social/Imágenes/Corrientes de aire/2023/5. Mayo/06-05-2023.png,06/05/2023,140,4
C:/Users/Tacos/OneDrive/Documentos/Universidad/Servicio Social/Imágenes/Corrientes de aire/2023/5. Mayo/07-05-2023.png,07/05/2023,180,4
C:/Users/Tacos/OneDrive/Documentos/Universidad/Servicio Social/Imágenes/Corrientes de aire/2023/5. Mayo/08-05-2023.png,08/05/2023,225,5
C:/Users/Tacos/OneDrive/Documentos/Universidad/Servicio Social/Imágenes/Corrientes de aire/2023/5. Mayo/09-05-2023.png,09/05/2023,220,5
C:/Users/Tacos/OneDrive/Documentos/Universidad/Servicio Social/Imágenes/Corrientes de aire/2023/5. Mayo/10-05-2023.png,10/05/2023,235,8
C:/Users/Tacos/OneDrive/Documentos/Universidad/Servicio Social/Imágenes/Corrientes de aire/2023/5. Mayo/11-05-2023.png,11/05/2023,245,7
C:/Users/Tacos/OneDrive/Documentos/Universidad/Servicio Social/Imágenes/Corrientes de aire/2023/5. Mayo/12-05-2023.png,12/05/2023,230,6
C:/Users/Tacos/OneDrive/Documentos/Universidad/Servicio Social/Imágenes/Corrientes de aire/2023/5. Mayo/13-05-2023.png,13/05/2023,210,6
C:/Users/Tacos/OneDrive/Documentos/Universidad/Servicio Social/Imágenes/Corrientes de aire/2023/5. Mayo/14-05-2023.png,14/05/2023,175,6
C:/Users/Tacos/OneDrive/Documentos/Universidad/Servicio Social/Imágenes/Corrientes de aire/2023/5. Mayo/15-05-2023.png,15/05/2023,140,4
C:/Users/Tacos/OneDrive/Documentos/Universidad/Servicio Social/Imágenes/Corrientes de aire/2023/5. Mayo/16-05-2023.png,16/05/2023,225,6
C:/Users/Tacos/OneDrive/Documentos/Universidad/Servicio Social/Imágenes/Corrientes de aire/2023/5. Mayo/17-05-2023.png,17/05/2023,235,9
C:/Users/Tacos/OneDrive/Documentos/Universidad/Servicio Social/Imágenes/Corrientes de aire/2023/5. Mayo/18-05-2023.png,18/05/2023,235,7
C:/Users/Tacos/OneDrive/Documentos/Universidad/Servicio Social/Imágenes/Corrientes de aire/2023/5. Mayo/19-05-2023.png,19/05/2023,245,4
C:/Users/Tacos/OneDrive/Documentos/Universidad/Servicio Social/Imágenes/Corrientes de aire/2023/5. Mayo/20-05-2023.png,20/05/2023,170,1
C:/Users/Tacos/OneDrive/Documentos/Universidad/Servicio Social/Imágenes/Corrientes de aire/2023/5. Mayo/21-05-2023.png,21/05/2023,75,10
C:/Users/Tacos/OneDrive/Documentos/Universidad/Servicio Social/Imágenes/Corrientes de aire/2023/5. Mayo/22-05-2023.png,22/05/2023,180,5
C:/Users/Tacos/OneDrive/Documentos/Universidad/Servicio Social/Imágenes/Corrientes de aire/2023/5. Mayo/23-05-2023.png,23/05/2023,225,6
C:/Users/Tacos/OneDrive/Documentos/Universidad/Servicio Social/Imágenes/Corrientes de aire/2023/5. Mayo/24-05-2023.png,24/05/2023,220,7
C:/Users/Tacos/OneDrive/Documentos/Universidad/Servicio Social/Imágenes/Corrientes de aire/2023/5. Mayo/25-05-2023.png,25/05/2023,220,6
C:/Users/Tacos/OneDrive/Documentos/Universidad/Servicio Social/Imágenes/Corrientes de aire/2023/5. Mayo/26-05-2023.png,26/05/2023,220,5
C:/Users/Tacos/OneDrive/Documentos/Universidad/Servicio Social/Imágenes/Corrientes de aire/2023/5. Mayo/27-05-2023.png,27/05/2023,190,4
C:/Users/Tacos/OneDrive/Documentos/Universidad/Servicio Social/Imágenes/Corrientes de aire/2023/5. Mayo/28-05-2023.png,28/05/2023,225,7
C:/Users/Tacos/OneDrive/Documentos/Universidad/Servicio Social/Imágenes/Corrientes de aire/2023/5. Mayo/29-05-2023.png,29/05/2023,235,8
C:/Users/Tacos/OneDrive/Documentos/Universidad/Servicio Social/Imágenes/Corrientes de aire/2023/5. Mayo/30-05-2023.png,30/05/2023,235,7
C:/Users/Tacos/OneDrive/Documentos/Universidad/Servicio Social/Imágenes/Corrientes de aire/2023/5. Mayo/31-05-2023.png,31/05/2023,230,9
C:/Users/Tacos/OneDrive/Documentos/Universidad/Servicio Social/Imágenes/Corrientes de aire/2023/6. Junio/01-06-2023.png,01/06/2023,240,11
C:/Users/Tacos/OneDrive/Documentos/Universidad/Servicio Social/Imágenes/Corrientes de aire/2023/6. Junio/02-06-2023.png,02/06/2023,245,6
C:/Users/Tacos/OneDrive/Documentos/Universidad/Servicio Social/Imágenes/Corrientes de aire/2023/6. Junio/03-06-2023.png,03/06/2023,255,5
C:/Users/Tacos/OneDrive/Documentos/Universidad/Servicio Social/Imágenes/Corrientes de aire/2023/6. Junio/04-06-2023.png,04/06/2023,220,8
C:/Users/Tacos/OneDrive/Documentos/Universidad/Servicio Social/Imágenes/Corrientes de aire/2023/6. Junio/05-06-2023.png,05/06/2023,215,6
C:/Users/Tacos/OneDrive/Documentos/Universidad/Servicio Social/Imágenes/Corrientes de aire/2023/6. Junio/06-06-2023.png,06/06/2023,245,6
C:/Users/Tacos/OneDrive/Documentos/Universidad/Servicio Social/Imágenes/Corrientes de aire/2023/6. Junio/07-06-2023.png,07/06/2023,235,6
C:/Users/Tacos/OneDrive/Documentos/Universidad/Servicio Social/Imágenes/Corrientes de aire/2023/6. Junio/08-06-2023.png,08/06/2023,220,9
C:/Users/Tacos/OneDrive/Documentos/Universidad/Servicio Social/Imágenes/Corrientes de aire/2023/6. Junio/09-06-2023.png,09/06/2023,225,7
C:/Users/Tacos/OneDrive/Documentos/Universidad/Servicio Social/Imágenes/Corrientes de aire/2023/6. Junio/10-06-2023.png,10/06/2023,240,6
C:/Users/Tacos/OneDrive/Documentos/Universidad/Servicio Social/Imágenes/Corrientes de aire/2023/6. Junio/11-06-2023.png,11/06/2023,240,7
C:/Users/Tacos/OneDrive/Documentos/Universidad/Servicio Social/Imágenes/Corrientes de aire/2023/6. Junio/12-06-2023.png,12/06/2023,235,7
C:/Users/Tacos/OneDrive/Documentos/Universidad/Servicio Social/Imágenes/Corrientes de aire/2023/6. Junio/13-06-2023.png,13/06/2023,305,0
C:/Users/Tacos/OneDrive/Documentos/Universidad/Servicio Social/Imágenes/Corrientes de aire/2023/6. Junio/14-06-2023.png,14/06/2023,210,6
C:/Users/Tacos/OneDrive/Documentos/Universidad/Servicio Social/Imágenes/Corrientes de aire/2023/6. Junio/15-06-2023.png,15/06/2023,230,8
C:/Users/Tacos/OneDrive/Documentos/Universidad/Servicio Social/Imágenes/Corrientes de aire/2023/6. Junio/16-06-2023.png,16/06/2023,235,4
C:/Users/Tacos/OneDrive/Documentos/Universidad/Servicio Social/Imágenes/Corrientes de aire/2023/6. Junio/17-06-2023.png,17/06/2023,145,3
C:/Users/Tacos/OneDrive/Documentos/Universidad/Servicio Social/Imágenes/Corrientes de aire/2023/6. Junio/18-06-2023.png,18/06/2023,90,7
C:/Users/Tacos/OneDrive/Documentos/Universidad/Servicio Social/Imágenes/Corrientes de aire/2023/6. Junio/19-06-2023.png,19/06/2023,165,1
C:/Users/Tacos/OneDrive/Documentos/Universidad/Servicio Social/Imágenes/Corrientes de aire/2023/6. Junio/20-06-2023.png,20/06/2023,210,1
C:/Users/Tacos/OneDrive/Documentos/Universidad/Servicio Social/Imágenes/Corrientes de aire/2023/6. Junio/21-06-2023.png,21/06/2023,225,1
C:/Users/Tacos/OneDrive/Documentos/Universidad/Servicio Social/Imágenes/Corrientes de aire/2023/6. Junio/22-06-2023.png,22/06/2023,230,2
C:/Users/Tacos/OneDrive/Documentos/Universidad/Servicio Social/Imágenes/Corrientes de aire/2023/6. Junio/23-06-2023.png,23/06/2023,70,8
C:/Users/Tacos/OneDrive/Documentos/Universidad/Servicio Social/Imágenes/Corrientes de aire/2023/6. Junio/24-06-2023.png,24/06/2023,60,7
C:/Users/Tacos/OneDrive/Documentos/Universidad/Servicio Social/Imágenes/Corrientes de aire/2023/6. Junio/25-06-2023.png,25/06/2023,75,10
C:/Users/Tacos/OneDrive/Documentos/Universidad/Servicio Social/Imágenes/Corrientes de aire/2023/6. Junio/26-06-2023.png,26/06/2023,90,11
C:/Users/Tacos/OneDrive/Documentos/Universidad/Servicio Social/Imágenes/Corrientes de aire/2023/6. Junio/27-06-2023.png,27/06/2023,80,7
C:/Users/Tacos/OneDrive/Documentos/Universidad/Servicio Social/Imágenes/Corrientes de aire/2023/6. Junio/28-06-2023.png,28/06/2023,95,8
C:/Users/Tacos/OneDrive/Documentos/Universidad/Servicio Social/Imágenes/Corrientes de aire/2023/6. Junio/29-06-2023.png,29/06/2023,50,11
C:/Users/Tacos/OneDrive/Documentos/Universidad/Servicio Social/Imágenes/Corrientes de aire/2023/6. Junio/30-06-2023.png,30/06/2023,160,5
C:/Users/Tacos/OneDrive/Documentos/Universidad/Servicio Social/Imágenes/Corrientes de aire/2023/7. Julio/01-07-2023.png,01/07/2023,230,6
C:/Users/Tacos/OneDrive/Documentos/Universidad/Servicio Social/Imágenes/Corrientes de aire/2023/7. Julio/02-07-2023.png,02/07/2023,240,4
C:/Users/Tacos/OneDrive/Documentos/Universidad/Servicio Social/Imágenes/Corrientes de aire/2023/7. Julio/03-07-2023.png,03/07/2023,220,4
C:/Users/Tacos/OneDrive/Documentos/Universidad/Servicio Social/Imágenes/Corrientes de aire/2023/7. Julio/04-07-2023.png,04/07/2023,215,8
C:/Users/Tacos/OneDrive/Documentos/Universidad/Servicio Social/Imágenes/Corrientes de aire/2023/7. Julio/05-07-2023.png,05/07/2023,245,7
C:/Users/Tacos/OneDrive/Documentos/Universidad/Servicio Social/Imágenes/Corrientes de aire/2023/7. Julio/06-07-2023.png,06/07/2023,230,3
C:/Users/Tacos/OneDrive/Documentos/Universidad/Servicio Social/Imágenes/Corrientes de aire/2023/7. Julio/07-07-2023.png,07/07/2023,200,3
C:/Users/Tacos/OneDrive/Documentos/Universidad/Servicio Social/Imágenes/Corrientes de aire/2023/7. Julio/08-07-2023.png,08/07/2023,210,3
C:/Users/Tacos/OneDrive/Documentos/Universidad/Servicio Social/Imágenes/Corrientes de aire/2023/7. Julio/09-07-2023.png,09/07/2023,230,4
C:/Users/Tacos/OneDrive/Documentos/Universidad/Servicio Social/Imágenes/Corrientes de aire/2023/7. Julio/10-07-2023.png,10/07/2023,210,3
C:/Users/Tacos/OneDrive/Documentos/Universidad/Servicio Social/Imágenes/Corrientes de aire/2023/7. Julio/11-07-2023.png,11/07/2023,125,2
C:/Users/Tacos/OneDrive/Documentos/Universidad/Servicio Social/Imágenes/Corrientes de aire/2023/7. Julio/12-07-2023.png,12/07/2023,250,3
C:/Users/Tacos/OneDrive/Documentos/Universidad/Servicio Social/Imágenes/Corrientes de aire/2023/7. Julio/13-07-2023.png,13/07/2023,105,3
C:/Users/Tacos/OneDrive/Documentos/Universidad/Servicio Social/Imágenes/Corrientes de aire/2023/7. Julio/14-07-2023.png,14/07/2023,105,1
C:/Users/Tacos/OneDrive/Documentos/Universidad/Servicio Social/Imágenes/Corrientes de aire/2023/7. Julio/15-07-2023.png,15/07/2023,90,10
C:/Users/Tacos/OneDrive/Documentos/Universidad/Servicio Social/Imágenes/Corrientes de aire/2023/7. Julio/16-07-2023.png,16/07/2023,75,9
C:/Users/Tacos/OneDrive/Documentos/Universidad/Servicio Social/Imágenes/Corrientes de aire/2023/7. Julio/17-07-2023.png,17/07/2023,95,11
C:/Users/Tacos/OneDrive/Documentos/Universidad/Servicio Social/Imágenes/Corrientes de aire/2023/7. Julio/18-07-2023.png,18/07/2023,70,11
C:/Users/Tacos/OneDrive/Documentos/Universidad/Servicio Social/Imágenes/Corrientes de aire/2023/7. Julio/19-07-2023.png,19/07/2023,70,10
C:/Users/Tacos/OneDrive/Documentos/Universidad/Servicio Social/Imágenes/Corrientes de aire/2023/7. Julio/20-07-2023.png,20/07/2023,65,7
C:/Users/Tacos/OneDrive/Documentos/Universidad/Servicio Social/Imágenes/Corrientes de aire/2023/7. Julio/21-07-2023.png,21/07/2023,75,7
C:/Users/Tacos/OneDrive/Documentos/Universidad/Servicio Social/Imágenes/Corrientes de aire/2023/7. Julio/22-07-2023.png,22/07/2023,100,3
C:/Users/Tacos/OneDrive/Documentos/Universidad/Servicio Social/Imágenes/Corrientes de aire/2023/7. Julio/23-07-2023.png,23/07/2023,200,5
C:/Users/Tacos/OneDrive/Documentos/Universidad/Servicio Social/Imágenes/Corrientes de aire/2023/7. Julio/24-07-2023.png,24/07/2023,20,2
C:/Users/Tacos/OneDrive/Documentos/Universidad/Servicio Social/Imágenes/Corrientes de aire/2023/7. Julio/25-07-2023.png,25/07/2023,80,16
C:/Users/Tacos/OneDrive/Documentos/Universidad/Servicio Social/Imágenes/Corrientes de aire/2023/7. Julio/26-07-2023.png,26/07/2023,85,6
C:/Users/Tacos/OneDrive/Documentos/Universidad/Servicio Social/Imágenes/Corrientes de aire/2023/7. Julio/27-07-2023.png,27/07/2023,80,2
C:/Users/Tacos/OneDrive/Documentos/Universidad/Servicio Social/Imágenes/Corrientes de aire/2023/7. Julio/28-07-2023.png,28/07/2023,60,4
C:/Users/Tacos/OneDrive/Documentos/Universidad/Servicio Social/Imágenes/Corrientes de aire/2023/7. Julio/29-07-2023.png,29/07/2023,75,6
C:/Users/Tacos/OneDrive/Documentos/Universidad/Servicio Social/Imágenes/Corrientes de aire/2023/7. Julio/30-07-2023.png,30/07/2023,25,7
C:/Users/Tacos/OneDrive/Documentos/Universidad/Servicio Social/Imágenes/Corrientes de aire/2023/7. Julio/31-07-2023.png,31/07/2023,55,6
C:/Users/Tacos/OneDrive/Documentos/Universidad/Servicio Social/Imágenes/Corrientes de aire/2023/8. Agosto/01-08-2023.png,01/08/2023,135,2
C:/Users/Tacos/OneDrive/Documentos/Universidad/Servicio Social/Imágenes/Corrientes de aire/2023/8. Agosto/02-08-2023.png,02/08/2023,55,5
C:/Users/Tacos/OneDrive/Documentos/Universidad/Servicio Social/Imágenes/Corrientes de aire/2023/8. Agosto/03-08-2023.png,03/08/2023,90,7
C:/Users/Tacos/OneDrive/Documentos/Universidad/Servicio Social/Imágenes/Corrientes de aire/2023/8. Agosto/04-08-2023.png,04/08/2023,135,6
C:/Users/Tacos/OneDrive/Documentos/Universidad/Servicio Social/Imágenes/Corrientes de aire/2023/8. Agosto/05-08-2023.png,05/08/2023,240,6
C:/Users/Tacos/OneDrive/Documentos/Universidad/Servicio Social/Imágenes/Corrientes de aire/2023/8. Agosto/06-08-2023.png,06/08/2023,255,5
C:/Users/Tacos/OneDrive/Documentos/Universidad/Servicio Social/Imágenes/Corrientes de aire/2023/8. Agosto/07-08-2023.png,07/08/2023,155,1
C:/Users/Tacos/OneDrive/Documentos/Universidad/Servicio Social/Imágenes/Corrientes de aire/2023/8. Agosto/08-08-2023.png,08/08/2023,165,3
C:/Users/Tacos/OneDrive/Documentos/Universidad/Servicio Social/Imágenes/Corrientes de aire/2023/8. Agosto/09-08-2023.png,09/08/2023,225,4
C:/Users/Tacos/OneDrive/Documentos/Universidad/Servicio Social/Imágenes/Corrientes de aire/2023/8. Agosto/10-08-2023.png,10/08/2023,240,9
C:/Users/Tacos/OneDrive/Documentos/Universidad/Servicio Social/Imágenes/Corrientes de aire/2023/8. Agosto/11-08-2023.png,11/08/2023,235,3
C:/Users/Tacos/OneDrive/Documentos/Universidad/Servicio Social/Imágenes/Corrientes de aire/2023/8. Agosto/12-08-2023.png,12/08/2023,275,2
C:/Users/Tacos/OneDrive/Documentos/Universidad/Servicio Social/Imágenes/Corrientes de aire/2023/8. Agosto/13-08-2023.png,13/08/2023,65,6
C:/Users/Tacos/OneDrive/Documentos/Universidad/Servicio Social/Imágenes/Corrientes de aire/2023/8. Agosto/14-08-2023.png,14/08/2023,60,9
C:/Users/Tacos/OneDrive/Documentos/Universidad/Servicio Social/Imágenes/Corrientes de aire/2023/8. Agosto/15-08-2023.png,15/08/2023,60,15
C:/Users/Tacos/OneDrive/Documentos/Universidad/Servicio Social/Imágenes/Corrientes de aire/2023/8. Agosto/16-08-2023.png,16/08/2023,70,12
C:/Users/Tacos/OneDrive/Documentos/Universidad/Servicio Social/Imágenes/Corrientes de aire/2023/8. Agosto/17-08-2023.png,17/08/2023,125,1
C:/Users/Tacos/OneDrive/Documentos/Universidad/Servicio Social/Imágenes/Corrientes de aire/2023/8. Agosto/18-08-2023.png,18/08/2023,210,1
C:/Users/Tacos/OneDrive/Documentos/Universidad/Servicio Social/Imágenes/Corrientes de aire/2023/8. Agosto/19-08-2023.png,19/08/2023,90,4
C:/Users/Tacos/OneDrive/Documentos/Universidad/Servicio Social/Imágenes/Corrientes de aire/2023/8. Agosto/20-08-2023.png,20/08/2023,70,7
C:/Users/Tacos/OneDrive/Documentos/Universidad/Servicio Social/Imágenes/Corrientes de aire/2023/8. Agosto/21-08-2023.png,21/08/2023,50,6
C:/Users/Tacos/OneDrive/Documentos/Universidad/Servicio Social/Imágenes/Corrientes de aire/2023/8. Agosto/22-08-2023.png,22/08/2023,70,3
C:/Users/Tacos/OneDrive/Documentos/Universidad/Servicio Social/Imágenes/Corrientes de aire/2023/8. Agosto/23-08-2023.png,23/08/2023,70,4
C:/Users/Tacos/OneDrive/Documentos/Universidad/Servicio Social/Imágenes/Corrientes de aire/2023/8. Agosto/24-08-2023.png,24/08/2023,65,13
C:/Users/Tacos/OneDrive/Documentos/Universidad/Servicio Social/Imágenes/Corrientes de aire/2023/8. Agosto/25-08-2023.png,25/08/2023,65,7
C:/Users/Tacos/OneDrive/Documentos/Universidad/Servicio Social/Imágenes/Corrientes de aire/2023/8. Agosto/26-08-2023.png,26/08/2023,245,1
C:/Users/Tacos/OneDrive/Documentos/Universidad/Servicio Social/Imágenes/Corrientes de aire/2023/8. Agosto/27-08-2023.png,27/08/2023,215,4
C:/Users/Tacos/OneDrive/Documentos/Universidad/Servicio Social/Imágenes/Corrientes de aire/2023/8. Agosto/28-08-2023.png,28/08/2023,200,4
C:/Users/Tacos/OneDrive/Documentos/Universidad/Servicio Social/Imágenes/Corrientes de aire/2023/8. Agosto/29-08-2023.png,29/08/2023,270,3
C:/Users/Tacos/OneDrive/Documentos/Universidad/Servicio Social/Imágenes/Corrientes de aire/2023/8. Agosto/30-08-2023.png,30/08/2023,230,2
C:/Users/Tacos/OneDrive/Documentos/Universidad/Servicio Social/Imágenes/Corrientes de aire/2023/8. Agosto/31-08-2023.png,31/08/2023,245,2
C:/Users/Tacos/OneDrive/Documentos/Universidad/Servicio Social/Imágenes/Corrientes de aire/2023/9. Septiembre/01-09-2023.png,01/09/2023,225,3
C:/Users/Tacos/OneDrive/Documentos/Universidad/Servicio Social/Imágenes/Corrientes de aire/2023/9. Septiembre/02-09-2023.png,02/09/2023,360,4
C:/Users/Tacos/OneDrive/Documentos/Universidad/Servicio Social/Imágenes/Corrientes de aire/2023/9. Septiembre/03-09-2023.png,03/09/2023,70,6
C:/Users/Tacos/OneDrive/Documentos/Universidad/Servicio Social/Imágenes/Corrientes de aire/2023/9. Septiembre/04-09-2023.png,04/09/2023,200,2
C:/Users/Tacos/OneDrive/Documentos/Universidad/Servicio Social/Imágenes/Corrientes de aire/2023/9. Septiembre/05-09-2023.png,05/09/2023,245,4
C:/Users/Tacos/OneDrive/Documentos/Universidad/Servicio Social/Imágenes/Corrientes de aire/2023/9. Septiembre/06-09-2023.png,06/09/2023,255,4
C:/Users/Tacos/OneDrive/Documentos/Universidad/Servicio Social/Imágenes/Corrientes de aire/2023/9. Septiembre/07-09-2023.png,07/09/2023,230,3
C:/Users/Tacos/OneDrive/Documentos/Universidad/Servicio Social/Imágenes/Corrientes de aire/2023/9. Septiembre/08-09-2023.png,08/09/2023,135,2
C:/Users/Tacos/OneDrive/Documentos/Universidad/Servicio Social/Imágenes/Corrientes de aire/2023/9. Septiembre/09-09-2023.png,09/09/2023,85,4
C:/Users/Tacos/OneDrive/Documentos/Universidad/Servicio Social/Imágenes/Corrientes de aire/2023/9. Septiembre/10-09-2023.png,10/09/2023,50,10
C:/Users/Tacos/OneDrive/Documentos/Universidad/Servicio Social/Imágenes/Corrientes de aire/2023/9. Septiembre/11-09-2023.png,11/09/2023,55,10
C:/Users/Tacos/OneDrive/Documentos/Universidad/Servicio Social/Imágenes/Corrientes de aire/2023/9. Septiembre/12-09-2023.png,12/09/2023,70,3
C:/Users/Tacos/OneDrive/Documentos/Universidad/Servicio Social/Imágenes/Corrientes de aire/2023/9. Septiembre/13-09-2023.png,13/09/2023,55,3
C:/Users/Tacos/OneDrive/Documentos/Universidad/Servicio Social/Imágenes/Corrientes de aire/2023/9. Septiembre/14-09-2023.png,14/09/2023,5,1
C:/Users/Tacos/OneDrive/Documentos/Universidad/Servicio Social/Imágenes/Corrientes de aire/2023/9. Septiembre/15-09-2023.png,15/09/2023,75,6
C:/Users/Tacos/OneDrive/Documentos/Universidad/Servicio Social/Imágenes/Corrientes de aire/2023/9. Septiembre/16-09-2023.png,16/09/2023,80,4
C:/Users/Tacos/OneDrive/Documentos/Universidad/Servicio Social/Imágenes/Corrientes de aire/2023/9. Septiembre/17-09-2023.png,17/09/2023,75,5
C:/Users/Tacos/OneDrive/Documentos/Universidad/Servicio Social/Imágenes/Corrientes de aire/2023/9. Septiembre/18-09-2023.png,18/09/2023,75,6
C:/Users/Tacos/OneDrive/Documentos/Universidad/Servicio Social/Imágenes/Corrientes de aire/2023/9. Septiembre/19-09-2023.png,19/09/2023,190,1
C:/Users/Tacos/OneDrive/Documentos/Universidad/Servicio Social/Imágenes/Corrientes de aire/2023/9. Septiembre/20-09-2023.png,20/09/2023,230,3
C:/Users/Tacos/OneDrive/Documentos/Universidad/Servicio Social/Imágenes/Corrientes de aire/2023/9. Septiembre/21-09-2023.png,21/09/2023,55,3
C:/Users/Tacos/OneDrive/Documentos/Universidad/Servicio Social/Imágenes/Corrientes de aire/2023/9. Septiembre/22-09-2023.png,22/09/2023,75,9
C:/Users/Tacos/OneDrive/Documentos/Universidad/Servicio Social/Imágenes/Corrientes de aire/2023/9. Septiembre/23-09-2023.png,23/09/2023,40,2
C:/Users/Tacos/OneDrive/Documentos/Universidad/Servicio Social/Imágenes/Corrientes de aire/2023/9. Septiembre/24-09-2023.png,24/09/2023,285,3
C:/Users/Tacos/OneDrive/Documentos/Universidad/Servicio Social/Imágenes/Corrientes de aire/2023/9. Septiembre/25-09-2023.png,25/09/2023,50,9
C:/Users/Tacos/OneDrive/Documentos/Universidad/Servicio Social/Imágenes/Corrientes de aire/2023/9. Septiembre/26-09-2023.png,26/09/2023,45,9
C:/Users/Tacos/OneDrive/Documentos/Universidad/Servicio Social/Imágenes/Corrientes de aire/2023/9. Septiembre/27-09-2023.png,27/09/2023,55,5
C:/Users/Tacos/OneDrive/Documentos/Universidad/Servicio Social/Imágenes/Corrientes de aire/2023/9. Septiembre/28-09-2023.png,28/09/2023,15,4
C:/Users/Tacos/OneDrive/Documentos/Universidad/Servicio Social/Imágenes/Corrientes de aire/2023/9. Septiembre/29-09-2023.png,29/09/2023,125,2
C:/Users/Tacos/OneDrive/Documentos/Universidad/Servicio Social/Imágenes/Corrientes de aire/2023/9. Septiembre/30-09-2023.png,30/09/2023,95,3
